Order_Id,Customer_Id,Customer_Name,Product_Id,Product_Name,Product_Category,Payment_Type,Quantity_ordered,Price,Date_and_Time_When_Order_Was_Placed,Customer_Country,Customer_City,Site_From_Where_Order_Was_Placed,Payment_Transaction_Confirmation_Id,Payment_Success_or_Failure,Reason_for_Payment_Failure
InvalidUUID,123e4567-e89b-12d3-a456-426614174000,Customer_0,123e4567-e89b-12d3-a456-426614174000,Widget C,Electronics,Credit Card,,883.21,2024-07-17 01:18:53.869653,Germany,City_0,Walmart,123e4567-e89b-12d3-a456-426614174000,N,
123e4567-e89b-12d3-a456-426614174001,InvalidCustomerId,Customer_1,123e4567-e89b-12d3-a456-426614174001,Widget E,Books,Gift Card,,69.21,2023-12-17 01:18:53.869653,Canada,City_1,Amazon,123e4567-e89b-12d3-a456-426614174001,N,
123e4567-e89b-12d3-a456-426614174002,123e4567-e89b-12d3-a456-426614174002,Customer_2,InvalidProductId,Widget A,Toys,Bank Transfer,,294.6,2024-04-27 01:18:53.870161,UK,City_2,eBay,123e4567-e89b-12d3-a456-426614174002,N,
123e4567-e89b-12d3-a456-426614174003,123e4567-e89b-12d3-a456-426614174003,Customer_3,123e4567-e89b-12d3-a456-426614174003,Widget B,InvalidCategory,Credit Card,,829.48,2024-07-06 01:18:53.870161,Germany,City_3,Walmart,123e4567-e89b-12d3-a456-426614174003,N,
123e4567-e89b-12d3-a456-426614174004,123e4567-e89b-12d3-a456-426614174004,Customer_4,123e4567-e89b-12d3-a456-426614174004,Widget A,Clothing,Gift Card,,986.47,2024-06-11 01:18:53.870161,Canada,City_4,Flipkart,123e4567-e89b-12d3-a456-426614174004,N,
123e4567-e89b-12d3-a456-426614174005,123e4567-e89b-12d3-a456-426614174005,Customer_5,123e4567-e89b-12d3-a456-426614174005,Widget D,Electronics,PayPal,,InvalidPrice,2024-06-03 01:18:53.870161,Germany,City_5,eBay,123e4567-e89b-12d3-a456-426614174005,N,Payment Gateway Error
123e4567-e89b-12d3-a456-426614174006,123e4567-e89b-12d3-a456-426614174006,Customer_6,123e4567-e89b-12d3-a456-426614174006,Widget B,Toys,Bank Transfer,,156.9,2024-09-09 01:18:53.870161,UK,InvalidCity,Walmart,123e4567-e89b-12d3-a456-426614174006,N,Payment Gateway Error
123e4567-e89b-12d3-a456-426614174007,123e4567-e89b-12d3-a456-426614174007,Customer_7,123e4567-e89b-12d3-a456-426614174007,Widget D,Books,Credit Card,,598.92,2024-06-01 01:18:53.870161,France,City_7,Walmart,InvalidUUID,N,
123e4567-e89b-12d3-a456-426614174008,123e4567-e89b-12d3-a456-426614174008,Customer_8,123e4567-e89b-12d3-a456-426614174008,Widget B,Books,Credit Card,,818.33,2024-06-07 01:18:53.870161,UK,City_8,Walmart,123e4567-e89b-12d3-a456-426614174008,N,
123e4567-e89b-12d3-a456-426614174009,123e4567-e89b-12d3-a456-426614174009,Customer_9,123e4567-e89b-12d3-a456-426614174009,Widget E,Toys,Gift Card,,121.87,2024-06-19 01:18:53.870161,USA,City_9,eBay,123e4567-e89b-12d3-a456-426614174009,Y,
InvalidUUID,123e4567-e89b-12d3-a456-426614174000,Customer_10,123e4567-e89b-12d3-a456-426614174000,Widget E,Books,Gift Card,,694.33,2024-08-30 01:18:53.870161,UK,City_10,Flipkart,123e4567-e89b-12d3-a456-426614174000,N,
123e4567-e89b-12d3-a456-426614174001,InvalidCustomerId,Customer_11,123e4567-e89b-12d3-a456-426614174001,Widget E,Furniture,Credit Card,,70.81,2024-05-21 01:18:53.870161,Germany,City_11,Shopify,123e4567-e89b-12d3-a456-426614174001,N,Fraudulent Activity
123e4567-e89b-12d3-a456-426614174002,123e4567-e89b-12d3-a456-426614174002,Customer_12,InvalidProductId,Widget B,Electronics,PayPal,,879.94,2023-10-08 01:18:53.870161,Canada,City_12,Flipkart,123e4567-e89b-12d3-a456-426614174002,N,
123e4567-e89b-12d3-a456-426614174003,123e4567-e89b-12d3-a456-426614174003,Customer_13,123e4567-e89b-12d3-a456-426614174003,Widget D,InvalidCategory,Gift Card,,815.69,2024-03-21 01:18:53.870161,Canada,City_13,eBay,123e4567-e89b-12d3-a456-426614174003,Y,
123e4567-e89b-12d3-a456-426614174004,123e4567-e89b-12d3-a456-426614174004,Customer_14,123e4567-e89b-12d3-a456-426614174004,Widget E,Books,Credit Card,,455.74,2023-11-01 01:18:53.870161,UK,City_14,Shopify,123e4567-e89b-12d3-a456-426614174004,Y,Fraudulent Activity
123e4567-e89b-12d3-a456-426614174005,123e4567-e89b-12d3-a456-426614174005,Customer_15,123e4567-e89b-12d3-a456-426614174005,Widget E,Electronics,PayPal,,InvalidPrice,2024-06-16 01:18:53.870161,Canada,City_15,Amazon,123e4567-e89b-12d3-a456-426614174005,N,Card Expired
123e4567-e89b-12d3-a456-426614174006,123e4567-e89b-12d3-a456-426614174006,Customer_16,123e4567-e89b-12d3-a456-426614174006,Widget E,Books,Gift Card,,913.59,2024-04-08 01:18:53.870161,UK,InvalidCity,Walmart,123e4567-e89b-12d3-a456-426614174006,N,
123e4567-e89b-12d3-a456-426614174007,123e4567-e89b-12d3-a456-426614174007,Customer_17,123e4567-e89b-12d3-a456-426614174007,Widget A,Books,Credit Card,,768.73,2024-03-18 01:18:53.870672,France,City_17,Walmart,InvalidUUID,Y,
123e4567-e89b-12d3-a456-426614174008,123e4567-e89b-12d3-a456-426614174008,Customer_18,123e4567-e89b-12d3-a456-426614174008,Widget B,Toys,Bank Transfer,,264.96,2024-06-25 01:18:53.870672,Germany,City_18,Amazon,123e4567-e89b-12d3-a456-426614174008,N,Fraudulent Activity
123e4567-e89b-12d3-a456-426614174009,123e4567-e89b-12d3-a456-426614174009,Customer_19,123e4567-e89b-12d3-a456-426614174009,Widget A,Toys,Credit Card,,940.38,2024-05-15 01:18:53.870672,Germany,City_19,Flipkart,123e4567-e89b-12d3-a456-426614174009,Y,
InvalidUUID,123e4567-e89b-12d3-a456-426614174000,Customer_20,123e4567-e89b-12d3-a456-426614174000,Widget C,Books,Credit Card,,230.66,2023-12-10 01:18:53.870672,USA,City_20,Flipkart,123e4567-e89b-12d3-a456-426614174000,Y,Payment Gateway Error
123e4567-e89b-12d3-a456-426614174001,InvalidCustomerId,Customer_21,123e4567-e89b-12d3-a456-426614174001,Widget A,Toys,Gift Card,,442.74,2024-04-18 01:18:53.870672,Germany,City_21,Walmart,123e4567-e89b-12d3-a456-426614174001,N,Payment Gateway Error
123e4567-e89b-12d3-a456-426614174002,123e4567-e89b-12d3-a456-426614174002,Customer_22,InvalidProductId,Widget D,Furniture,Credit Card,,441.37,2023-10-28 01:18:53.870672,France,City_22,eBay,123e4567-e89b-12d3-a456-426614174002,Y,
123e4567-e89b-12d3-a456-426614174003,123e4567-e89b-12d3-a456-426614174003,Customer_23,123e4567-e89b-12d3-a456-426614174003,Widget C,InvalidCategory,Gift Card,,672.73,2024-07-08 01:18:53.870672,Canada,City_23,Shopify,123e4567-e89b-12d3-a456-426614174003,N,Insufficient Funds
123e4567-e89b-12d3-a456-426614174004,123e4567-e89b-12d3-a456-426614174004,Customer_24,123e4567-e89b-12d3-a456-426614174004,Widget C,Clothing,PayPal,,807.59,2024-05-15 01:18:53.870672,France,City_24,Amazon,123e4567-e89b-12d3-a456-426614174004,Y,Fraudulent Activity
123e4567-e89b-12d3-a456-426614174005,123e4567-e89b-12d3-a456-426614174005,Customer_25,123e4567-e89b-12d3-a456-426614174005,Widget A,Toys,Bank Transfer,,InvalidPrice,2024-07-07 01:18:53.870672,Germany,City_25,eBay,123e4567-e89b-12d3-a456-426614174005,Y,
123e4567-e89b-12d3-a456-426614174006,123e4567-e89b-12d3-a456-426614174006,Customer_26,123e4567-e89b-12d3-a456-426614174006,Widget D,Electronics,Bank Transfer,,74.75,2023-11-15 01:18:53.870672,Canada,InvalidCity,Walmart,123e4567-e89b-12d3-a456-426614174006,Y,Card Expired
123e4567-e89b-12d3-a456-426614174007,123e4567-e89b-12d3-a456-426614174007,Customer_27,123e4567-e89b-12d3-a456-426614174007,Widget E,Toys,PayPal,,556.71,2024-01-16 01:18:53.870672,USA,City_27,Amazon,InvalidUUID,Y,Insufficient Funds
123e4567-e89b-12d3-a456-426614174008,123e4567-e89b-12d3-a456-426614174008,Customer_28,123e4567-e89b-12d3-a456-426614174008,Widget E,Books,Gift Card,,502.5,2023-12-09 01:18:53.870672,Germany,City_28,eBay,123e4567-e89b-12d3-a456-426614174008,Y,Fraudulent Activity
123e4567-e89b-12d3-a456-426614174009,123e4567-e89b-12d3-a456-426614174009,Customer_29,123e4567-e89b-12d3-a456-426614174009,Widget D,Toys,Gift Card,,226.72,2023-10-06 01:18:53.870672,Germany,City_29,Walmart,123e4567-e89b-12d3-a456-426614174009,Y,
InvalidUUID,123e4567-e89b-12d3-a456-426614174000,Customer_30,123e4567-e89b-12d3-a456-426614174000,Widget C,Books,Bank Transfer,,254.25,2024-05-28 01:18:53.870672,France,City_30,Amazon,123e4567-e89b-12d3-a456-426614174000,Y,Fraudulent Activity
123e4567-e89b-12d3-a456-426614174001,InvalidCustomerId,Customer_31,123e4567-e89b-12d3-a456-426614174001,Widget E,Furniture,PayPal,,77.78,2024-03-11 01:18:53.870672,France,City_31,eBay,123e4567-e89b-12d3-a456-426614174001,Y,
123e4567-e89b-12d3-a456-426614174002,123e4567-e89b-12d3-a456-426614174002,Customer_32,InvalidProductId,Widget C,Books,Credit Card,,701.24,2024-05-22 01:18:53.870672,Canada,City_32,Amazon,123e4567-e89b-12d3-a456-426614174002,Y,Fraudulent Activity
123e4567-e89b-12d3-a456-426614174003,123e4567-e89b-12d3-a456-426614174003,Customer_33,123e4567-e89b-12d3-a456-426614174003,Widget E,InvalidCategory,Credit Card,,538.31,2023-12-23 01:18:53.870672,Germany,City_33,Flipkart,123e4567-e89b-12d3-a456-426614174003,N,
123e4567-e89b-12d3-a456-426614174004,123e4567-e89b-12d3-a456-426614174004,Customer_34,123e4567-e89b-12d3-a456-426614174004,Widget C,Furniture,PayPal,,11.11,2024-06-04 01:18:53.870672,Germany,City_34,Flipkart,123e4567-e89b-12d3-a456-426614174004,Y,Card Expired
123e4567-e89b-12d3-a456-426614174005,123e4567-e89b-12d3-a456-426614174005,Customer_35,123e4567-e89b-12d3-a456-426614174005,Widget C,Clothing,PayPal,,InvalidPrice,2023-11-23 01:18:53.870672,UK,City_35,Flipkart,123e4567-e89b-12d3-a456-426614174005,Y,Payment Gateway Error
123e4567-e89b-12d3-a456-426614174006,123e4567-e89b-12d3-a456-426614174006,Customer_36,123e4567-e89b-12d3-a456-426614174006,Widget C,Books,PayPal,,347.38,2024-09-16 01:18:53.870672,Canada,InvalidCity,Flipkart,123e4567-e89b-12d3-a456-426614174006,Y,Card Expired
123e4567-e89b-12d3-a456-426614174007,123e4567-e89b-12d3-a456-426614174007,Customer_37,123e4567-e89b-12d3-a456-426614174007,Widget D,Clothing,Gift Card,,948.21,2024-02-06 01:18:53.870672,UK,City_37,Walmart,InvalidUUID,N,
123e4567-e89b-12d3-a456-426614174008,123e4567-e89b-12d3-a456-426614174008,Customer_38,123e4567-e89b-12d3-a456-426614174008,Widget A,Furniture,Credit Card,,995.51,2023-12-07 01:18:53.870672,UK,City_38,Flipkart,123e4567-e89b-12d3-a456-426614174008,N,Insufficient Funds
123e4567-e89b-12d3-a456-426614174009,123e4567-e89b-12d3-a456-426614174009,Customer_39,123e4567-e89b-12d3-a456-426614174009,Widget B,Clothing,PayPal,,723.97,2023-11-29 01:18:53.870672,Canada,City_39,Walmart,123e4567-e89b-12d3-a456-426614174009,N,
InvalidUUID,123e4567-e89b-12d3-a456-426614174000,Customer_40,123e4567-e89b-12d3-a456-426614174000,Widget B,Furniture,Gift Card,,496.05,2024-07-20 01:18:53.870672,France,City_40,Amazon,123e4567-e89b-12d3-a456-426614174000,N,
123e4567-e89b-12d3-a456-426614174001,InvalidCustomerId,Customer_41,123e4567-e89b-12d3-a456-426614174001,Widget D,Toys,Credit Card,,492.65,2024-09-05 01:18:53.870672,France,City_41,eBay,123e4567-e89b-12d3-a456-426614174001,N,
123e4567-e89b-12d3-a456-426614174002,123e4567-e89b-12d3-a456-426614174002,Customer_42,InvalidProductId,Widget D,Toys,Gift Card,,342.05,2024-01-08 01:18:53.870672,USA,City_42,Shopify,123e4567-e89b-12d3-a456-426614174002,Y,
123e4567-e89b-12d3-a456-426614174003,123e4567-e89b-12d3-a456-426614174003,Customer_43,123e4567-e89b-12d3-a456-426614174003,Widget C,InvalidCategory,Gift Card,,433.15,2024-07-19 01:18:53.870672,Canada,City_43,Walmart,123e4567-e89b-12d3-a456-426614174003,N,Insufficient Funds
123e4567-e89b-12d3-a456-426614174004,123e4567-e89b-12d3-a456-426614174004,Customer_44,123e4567-e89b-12d3-a456-426614174004,Widget C,Electronics,Credit Card,,920.21,2023-11-26 01:18:53.870672,USA,City_44,Flipkart,123e4567-e89b-12d3-a456-426614174004,Y,
123e4567-e89b-12d3-a456-426614174005,123e4567-e89b-12d3-a456-426614174005,Customer_45,123e4567-e89b-12d3-a456-426614174005,Widget A,Clothing,Gift Card,,InvalidPrice,2024-06-04 01:18:53.870672,UK,City_45,Walmart,123e4567-e89b-12d3-a456-426614174005,Y,
123e4567-e89b-12d3-a456-426614174006,123e4567-e89b-12d3-a456-426614174006,Customer_46,123e4567-e89b-12d3-a456-426614174006,Widget B,Toys,Gift Card,,582.65,2024-03-18 01:18:53.870672,France,InvalidCity,Shopify,123e4567-e89b-12d3-a456-426614174006,N,
123e4567-e89b-12d3-a456-426614174007,123e4567-e89b-12d3-a456-426614174007,Customer_47,123e4567-e89b-12d3-a456-426614174007,Widget B,Books,Gift Card,,144.23,2024-04-15 01:18:53.870672,France,City_47,Flipkart,InvalidUUID,N,
123e4567-e89b-12d3-a456-426614174008,123e4567-e89b-12d3-a456-426614174008,Customer_48,123e4567-e89b-12d3-a456-426614174008,Widget C,Books,Gift Card,,88.05,2024-09-10 01:18:53.870672,USA,City_48,Walmart,123e4567-e89b-12d3-a456-426614174008,N,
123e4567-e89b-12d3-a456-426614174009,123e4567-e89b-12d3-a456-426614174009,Customer_49,123e4567-e89b-12d3-a456-426614174009,Widget A,Clothing,Credit Card,,756.57,2023-10-28 01:18:53.870672,France,City_49,Amazon,123e4567-e89b-12d3-a456-426614174009,N,Card Expired
InvalidUUID,123e4567-e89b-12d3-a456-426614174000,Customer_50,123e4567-e89b-12d3-a456-426614174000,Widget C,Books,PayPal,,898.9,2023-12-31 01:18:53.870672,UK,City_50,Walmart,123e4567-e89b-12d3-a456-426614174000,N,Card Expired
123e4567-e89b-12d3-a456-426614174001,InvalidCustomerId,Customer_51,123e4567-e89b-12d3-a456-426614174001,Widget D,Toys,PayPal,,710.51,2023-12-16 01:18:53.870672,Germany,City_51,Shopify,123e4567-e89b-12d3-a456-426614174001,Y,
123e4567-e89b-12d3-a456-426614174002,123e4567-e89b-12d3-a456-426614174002,Customer_52,InvalidProductId,Widget A,Furniture,Credit Card,,822.61,2024-06-17 01:18:53.870672,France,City_52,Shopify,123e4567-e89b-12d3-a456-426614174002,Y,
123e4567-e89b-12d3-a456-426614174003,123e4567-e89b-12d3-a456-426614174003,Customer_53,123e4567-e89b-12d3-a456-426614174003,Widget A,InvalidCategory,Credit Card,,619.99,2024-08-24 01:18:53.870672,Germany,City_53,Amazon,123e4567-e89b-12d3-a456-426614174003,N,Payment Gateway Error
123e4567-e89b-12d3-a456-426614174004,123e4567-e89b-12d3-a456-426614174004,Customer_54,123e4567-e89b-12d3-a456-426614174004,Widget B,Books,Credit Card,,603.24,2024-02-09 01:18:53.870672,USA,City_54,Shopify,123e4567-e89b-12d3-a456-426614174004,Y,Card Expired
123e4567-e89b-12d3-a456-426614174005,123e4567-e89b-12d3-a456-426614174005,Customer_55,123e4567-e89b-12d3-a456-426614174005,Widget E,Furniture,Gift Card,,InvalidPrice,2024-06-21 01:18:53.870672,USA,City_55,Shopify,123e4567-e89b-12d3-a456-426614174005,Y,
123e4567-e89b-12d3-a456-426614174006,123e4567-e89b-12d3-a456-426614174006,Customer_56,123e4567-e89b-12d3-a456-426614174006,Widget D,Electronics,Gift Card,,989.17,2024-04-04 01:18:53.870672,Canada,InvalidCity,Amazon,123e4567-e89b-12d3-a456-426614174006,N,Fraudulent Activity
123e4567-e89b-12d3-a456-426614174007,123e4567-e89b-12d3-a456-426614174007,Customer_57,123e4567-e89b-12d3-a456-426614174007,Widget B,Clothing,PayPal,,603.46,2023-12-25 01:18:53.870672,UK,City_57,eBay,InvalidUUID,Y,Fraudulent Activity
123e4567-e89b-12d3-a456-426614174008,123e4567-e89b-12d3-a456-426614174008,Customer_58,123e4567-e89b-12d3-a456-426614174008,Widget C,Furniture,Credit Card,,994.08,2024-09-06 01:18:53.870672,USA,City_58,Flipkart,123e4567-e89b-12d3-a456-426614174008,N,
123e4567-e89b-12d3-a456-426614174009,123e4567-e89b-12d3-a456-426614174009,Customer_59,123e4567-e89b-12d3-a456-426614174009,Widget B,Books,PayPal,,612.98,2023-11-23 01:18:53.870672,UK,City_59,Amazon,123e4567-e89b-12d3-a456-426614174009,Y,
InvalidUUID,123e4567-e89b-12d3-a456-426614174000,Customer_60,123e4567-e89b-12d3-a456-426614174000,Widget C,Books,Bank Transfer,,90.25,2024-03-16 01:18:53.871683,UK,City_60,Walmart,123e4567-e89b-12d3-a456-426614174000,Y,Fraudulent Activity
123e4567-e89b-12d3-a456-426614174001,InvalidCustomerId,Customer_61,123e4567-e89b-12d3-a456-426614174001,Widget D,Furniture,Gift Card,,916.97,2024-05-19 01:18:53.871683,UK,City_61,Flipkart,123e4567-e89b-12d3-a456-426614174001,Y,
123e4567-e89b-12d3-a456-426614174002,123e4567-e89b-12d3-a456-426614174002,Customer_62,InvalidProductId,Widget C,Clothing,Bank Transfer,,981.45,2023-10-26 01:18:53.871683,Germany,City_62,Shopify,123e4567-e89b-12d3-a456-426614174002,N,
123e4567-e89b-12d3-a456-426614174003,123e4567-e89b-12d3-a456-426614174003,Customer_63,123e4567-e89b-12d3-a456-426614174003,Widget C,InvalidCategory,PayPal,,635.78,2023-10-07 01:18:53.871683,Canada,City_63,Walmart,123e4567-e89b-12d3-a456-426614174003,Y,
123e4567-e89b-12d3-a456-426614174004,123e4567-e89b-12d3-a456-426614174004,Customer_64,123e4567-e89b-12d3-a456-426614174004,Widget E,Clothing,Bank Transfer,,841.39,2023-11-27 01:18:53.871683,USA,City_64,Amazon,123e4567-e89b-12d3-a456-426614174004,Y,Insufficient Funds
123e4567-e89b-12d3-a456-426614174005,123e4567-e89b-12d3-a456-426614174005,Customer_65,123e4567-e89b-12d3-a456-426614174005,Widget D,Toys,Credit Card,,InvalidPrice,2023-12-01 01:18:53.871683,Canada,City_65,Shopify,123e4567-e89b-12d3-a456-426614174005,N,
123e4567-e89b-12d3-a456-426614174006,123e4567-e89b-12d3-a456-426614174006,Customer_66,123e4567-e89b-12d3-a456-426614174006,Widget A,Books,PayPal,,980.32,2024-07-09 01:18:53.871683,USA,InvalidCity,eBay,123e4567-e89b-12d3-a456-426614174006,N,
123e4567-e89b-12d3-a456-426614174007,123e4567-e89b-12d3-a456-426614174007,Customer_67,123e4567-e89b-12d3-a456-426614174007,Widget C,Toys,Gift Card,,434.53,2023-10-23 01:18:53.871683,France,City_67,eBay,InvalidUUID,Y,
123e4567-e89b-12d3-a456-426614174008,123e4567-e89b-12d3-a456-426614174008,Customer_68,123e4567-e89b-12d3-a456-426614174008,Widget C,Electronics,Bank Transfer,,390.64,2024-05-26 01:18:53.871683,France,City_68,Flipkart,123e4567-e89b-12d3-a456-426614174008,Y,Insufficient Funds
123e4567-e89b-12d3-a456-426614174009,123e4567-e89b-12d3-a456-426614174009,Customer_69,123e4567-e89b-12d3-a456-426614174009,Widget B,Toys,Gift Card,,515.45,2024-07-31 01:18:53.871683,UK,City_69,Flipkart,123e4567-e89b-12d3-a456-426614174009,N,Insufficient Funds
InvalidUUID,123e4567-e89b-12d3-a456-426614174000,Customer_70,123e4567-e89b-12d3-a456-426614174000,Widget B,Toys,Credit Card,,638.93,2024-07-14 01:18:53.871683,Canada,City_70,Shopify,123e4567-e89b-12d3-a456-426614174000,Y,Card Expired
123e4567-e89b-12d3-a456-426614174001,InvalidCustomerId,Customer_71,123e4567-e89b-12d3-a456-426614174001,Widget B,Clothing,Gift Card,,164.51,2024-03-17 01:18:53.871683,UK,City_71,Walmart,123e4567-e89b-12d3-a456-426614174001,Y,
123e4567-e89b-12d3-a456-426614174002,123e4567-e89b-12d3-a456-426614174002,Customer_72,InvalidProductId,Widget A,Toys,Credit Card,,886.92,2023-11-28 01:18:53.871683,Germany,City_72,Flipkart,123e4567-e89b-12d3-a456-426614174002,N,
123e4567-e89b-12d3-a456-426614174003,123e4567-e89b-12d3-a456-426614174003,Customer_73,123e4567-e89b-12d3-a456-426614174003,Widget C,InvalidCategory,Gift Card,,821.02,2024-02-14 01:18:53.871683,UK,City_73,Walmart,123e4567-e89b-12d3-a456-426614174003,Y,Insufficient Funds
123e4567-e89b-12d3-a456-426614174004,123e4567-e89b-12d3-a456-426614174004,Customer_74,123e4567-e89b-12d3-a456-426614174004,Widget C,Furniture,PayPal,,697.15,2024-01-18 01:18:53.871683,USA,City_74,Amazon,123e4567-e89b-12d3-a456-426614174004,N,Card Expired
123e4567-e89b-12d3-a456-426614174005,123e4567-e89b-12d3-a456-426614174005,Customer_75,123e4567-e89b-12d3-a456-426614174005,Widget E,Furniture,Bank Transfer,,InvalidPrice,2024-02-14 01:18:53.871683,USA,City_75,Walmart,123e4567-e89b-12d3-a456-426614174005,Y,
123e4567-e89b-12d3-a456-426614174006,123e4567-e89b-12d3-a456-426614174006,Customer_76,123e4567-e89b-12d3-a456-426614174006,Widget B,Books,Bank Transfer,,382.44,2023-11-21 01:18:53.871683,UK,InvalidCity,Amazon,123e4567-e89b-12d3-a456-426614174006,N,
123e4567-e89b-12d3-a456-426614174007,123e4567-e89b-12d3-a456-426614174007,Customer_77,123e4567-e89b-12d3-a456-426614174007,Widget E,Clothing,Credit Card,,136.77,2024-05-17 01:18:53.871683,Canada,City_77,Walmart,InvalidUUID,N,Payment Gateway Error
123e4567-e89b-12d3-a456-426614174008,123e4567-e89b-12d3-a456-426614174008,Customer_78,123e4567-e89b-12d3-a456-426614174008,Widget C,Books,Gift Card,,331.42,2023-10-12 01:18:53.871683,USA,City_78,Flipkart,123e4567-e89b-12d3-a456-426614174008,Y,Insufficient Funds
123e4567-e89b-12d3-a456-426614174009,123e4567-e89b-12d3-a456-426614174009,Customer_79,123e4567-e89b-12d3-a456-426614174009,Widget E,Clothing,PayPal,,963.42,2023-10-01 01:18:53.871683,France,City_79,Walmart,123e4567-e89b-12d3-a456-426614174009,Y,Insufficient Funds
InvalidUUID,123e4567-e89b-12d3-a456-426614174000,Customer_80,123e4567-e89b-12d3-a456-426614174000,Widget E,Books,PayPal,,965.43,2024-07-12 01:18:53.871683,France,City_80,Amazon,123e4567-e89b-12d3-a456-426614174000,N,Card Expired
123e4567-e89b-12d3-a456-426614174001,InvalidCustomerId,Customer_81,123e4567-e89b-12d3-a456-426614174001,Widget E,Furniture,PayPal,,552.0,2024-07-25 01:18:53.871683,France,City_81,eBay,123e4567-e89b-12d3-a456-426614174001,Y,
123e4567-e89b-12d3-a456-426614174002,123e4567-e89b-12d3-a456-426614174002,Customer_82,InvalidProductId,Widget A,Electronics,Credit Card,,195.97,2023-10-24 01:18:53.871683,Germany,City_82,Shopify,123e4567-e89b-12d3-a456-426614174002,N,Insufficient Funds
123e4567-e89b-12d3-a456-426614174003,123e4567-e89b-12d3-a456-426614174003,Customer_83,123e4567-e89b-12d3-a456-426614174003,Widget A,InvalidCategory,Bank Transfer,,517.38,2023-09-30 01:18:53.871683,Germany,City_83,Flipkart,123e4567-e89b-12d3-a456-426614174003,N,
123e4567-e89b-12d3-a456-426614174004,123e4567-e89b-12d3-a456-426614174004,Customer_84,123e4567-e89b-12d3-a456-426614174004,Widget C,Toys,Gift Card,,714.32,2024-04-06 01:18:53.871683,France,City_84,Flipkart,123e4567-e89b-12d3-a456-426614174004,N,
123e4567-e89b-12d3-a456-426614174005,123e4567-e89b-12d3-a456-426614174005,Customer_85,123e4567-e89b-12d3-a456-426614174005,Widget D,Toys,Credit Card,,InvalidPrice,2023-10-31 01:18:53.871683,USA,City_85,Flipkart,123e4567-e89b-12d3-a456-426614174005,N,Payment Gateway Error
123e4567-e89b-12d3-a456-426614174006,123e4567-e89b-12d3-a456-426614174006,Customer_86,123e4567-e89b-12d3-a456-426614174006,Widget B,Toys,PayPal,,754.91,2023-10-14 01:18:53.871683,Germany,InvalidCity,Shopify,123e4567-e89b-12d3-a456-426614174006,Y,
123e4567-e89b-12d3-a456-426614174007,123e4567-e89b-12d3-a456-426614174007,Customer_87,123e4567-e89b-12d3-a456-426614174007,Widget E,Toys,Bank Transfer,,183.88,2024-05-20 01:18:53.871683,USA,City_87,eBay,InvalidUUID,N,Payment Gateway Error
123e4567-e89b-12d3-a456-426614174008,123e4567-e89b-12d3-a456-426614174008,Customer_88,123e4567-e89b-12d3-a456-426614174008,Widget D,Books,Credit Card,,533.26,2023-10-02 01:18:53.871683,Germany,City_88,eBay,123e4567-e89b-12d3-a456-426614174008,N,
123e4567-e89b-12d3-a456-426614174009,123e4567-e89b-12d3-a456-426614174009,Customer_89,123e4567-e89b-12d3-a456-426614174009,Widget E,Furniture,Bank Transfer,,970.82,2024-04-25 01:18:53.872691,Germany,City_89,Amazon,123e4567-e89b-12d3-a456-426614174009,N,
InvalidUUID,123e4567-e89b-12d3-a456-426614174000,Customer_90,123e4567-e89b-12d3-a456-426614174000,Widget A,Furniture,Bank Transfer,,425.07,2024-01-11 01:18:53.872691,UK,City_90,Walmart,123e4567-e89b-12d3-a456-426614174000,N,
123e4567-e89b-12d3-a456-426614174001,InvalidCustomerId,Customer_91,123e4567-e89b-12d3-a456-426614174001,Widget B,Books,Gift Card,,287.2,2024-08-14 01:18:53.872691,USA,City_91,Walmart,123e4567-e89b-12d3-a456-426614174001,Y,
123e4567-e89b-12d3-a456-426614174002,123e4567-e89b-12d3-a456-426614174002,Customer_92,InvalidProductId,Widget B,Toys,PayPal,,704.88,2023-12-30 01:18:53.872691,Canada,City_92,Flipkart,123e4567-e89b-12d3-a456-426614174002,Y,
123e4567-e89b-12d3-a456-426614174003,123e4567-e89b-12d3-a456-426614174003,Customer_93,123e4567-e89b-12d3-a456-426614174003,Widget E,InvalidCategory,Gift Card,,902.57,2024-09-04 01:18:53.872691,Germany,City_93,Amazon,123e4567-e89b-12d3-a456-426614174003,Y,
123e4567-e89b-12d3-a456-426614174004,123e4567-e89b-12d3-a456-426614174004,Customer_94,123e4567-e89b-12d3-a456-426614174004,Widget B,Electronics,PayPal,,823.81,2024-05-02 01:18:53.872691,Canada,City_94,Walmart,123e4567-e89b-12d3-a456-426614174004,Y,Payment Gateway Error
123e4567-e89b-12d3-a456-426614174005,123e4567-e89b-12d3-a456-426614174005,Customer_95,123e4567-e89b-12d3-a456-426614174005,Widget E,Books,PayPal,,InvalidPrice,2024-04-12 01:18:53.872691,USA,City_95,eBay,123e4567-e89b-12d3-a456-426614174005,Y,Fraudulent Activity
123e4567-e89b-12d3-a456-426614174006,123e4567-e89b-12d3-a456-426614174006,Customer_96,123e4567-e89b-12d3-a456-426614174006,Widget D,Toys,PayPal,,281.5,2024-05-21 01:18:53.872691,Germany,InvalidCity,eBay,123e4567-e89b-12d3-a456-426614174006,Y,
123e4567-e89b-12d3-a456-426614174007,123e4567-e89b-12d3-a456-426614174007,Customer_97,123e4567-e89b-12d3-a456-426614174007,Widget E,Clothing,PayPal,,717.36,2023-12-05 01:18:53.872691,Germany,City_97,eBay,InvalidUUID,Y,
123e4567-e89b-12d3-a456-426614174008,123e4567-e89b-12d3-a456-426614174008,Customer_98,123e4567-e89b-12d3-a456-426614174008,Widget D,Electronics,PayPal,,437.62,2023-11-02 01:18:53.872691,Canada,City_98,eBay,123e4567-e89b-12d3-a456-426614174008,N,Fraudulent Activity
123e4567-e89b-12d3-a456-426614174009,123e4567-e89b-12d3-a456-426614174009,Customer_99,123e4567-e89b-12d3-a456-426614174009,Widget D,Clothing,PayPal,,694.89,2024-03-26 01:18:53.872691,Canada,City_99,Shopify,123e4567-e89b-12d3-a456-426614174009,Y,
